{
    "$schema": "https://schema.management.azure.com/schemas/2015-01-01/deploymentParameters.json#",
    "contentVersion": "1.0.0.0",
    "parameters": {
        "location": {
            "value": "centralindia"
        },
        "networkInterfaceName": {
            "value": "akash-terraform-vm410"
        },
        "backendPoolId": {
            "value": "/subscriptions/8d25a816-c57d-40b6-9c04-ddc5923a4e18/resourceGroups/Akash-ARM-Terraform-RG/providers/Microsoft.Network/loadBalancers/Akash-Terraform-LB/backendAddressPools/Akash-Terraform-BPA"
        },
        "networkSecurityGroupId": {
            "value": "/subscriptions/8d25a816-c57d-40b6-9c04-ddc5923a4e18/resourceGroups/Akash-ARM-Terraform-RG/providers/Microsoft.Network/networkSecurityGroups/Akash-Terraform-NSG"
        },
        "subnetName": {
            "value": "default"
        },
        "virtualNetworkId": {
            "value": "/subscriptions/8d25a816-c57d-40b6-9c04-ddc5923a4e18/resourceGroups/Akash-ARM-Terraform-RG/providers/Microsoft.Network/virtualNetworks/Akash-Terraform-Vnet"
        },
        "publicIpAddressName": {
            "value": "Akash-Terraform-VM-ip"
        },
        "publicIpAddressType": {
            "value": "Static"
        },
        "publicIpAddressSku": {
            "value": "Basic"
        },
        "pipDeleteOption": {
            "value": "Delete"
        },
        "virtualMachineName": {
            "value": "Akash-Terraform-VM"
        },
        "virtualMachineComputerName": {
            "value": "Akash-Terraform"
        },
        "virtualMachineRG": {
            "value": "Akash-ARM-Terraform-RG"
        },
        "osDiskType": {
            "value": "Standard_LRS"
        },
        "osDiskDeleteOption": {
            "value": "Delete"
        },
        "virtualMachineSize": {
            "value": "Standard_B1s"
        },
        "nicDeleteOption": {
            "value": "Delete"
        },
        "adminUsername": {
            "value": "akash"
        },
        "adminPassword": {
            "value": null
        },
        "patchMode": {
            "value": "AutomaticByOS"
        },
        "enableHotpatching": {
            "value": false
        }
    }
}