{
    "$schema": "https://schema.management.azure.com/schemas/2015-01-01/deploymentTemplate.json#",
    "contentVersion": "1.0.0.0",
    "parameters": {
        "apiVersion": {
            "type": "string"
        },
        "name": {
            "type": "string"
        },
        "location": {
            "type": "string"
        },
        "accountType": {
            "type": "string"
        },
        "createOption": {
            "type": "string"
        },
        "sourceUri": {
            "type": "string"
        },
        "incremental": {
            "type": "string"
        },
        "diskEncryptionSetType": {
            "type": "string"
        },
        "dataAccessAuthMode": {
            "type": "string"
        },
        "networkAccessPolicy": {
            "type": "string"
        },
        "publicNetworkAccess": {
            "type": "string"
        }
    },
    "resources": [
        {
            "apiVersion": "[parameters('apiVersion')]",
            "type": "Microsoft.Compute/snapshots",
            "name": "[parameters('name')]",
            "location": "[parameters('location')]",
            "sku": {
                "name": "[parameters('accountType')]"
            },
            "properties": {
                "creationData": {
                    "createOption": "[parameters('createOption')]",
                    "sourceResourceId": "[parameters('sourceUri')]"
                },
                "dataAccessAuthMode": "[parameters('dataAccessAuthMode')]",
                "networkAccessPolicy": "[parameters('networkAccessPolicy')]",
                "publicNetworkAccess": "[parameters('publicNetworkAccess')]",
                "incremental": "[parameters('incremental')]"
            },
            "tags": {}
        }
    ]
}